{"frames":{"Sky background0.png":{"frame":{"x":0,"y":0,"w":80,"h":80},"rotated":false,"trimmed":false,"spriteSourceSize":{"x":0,"y":0,"w":80,"h":80},"sourceSize":{"w":80,"h":80}},"Sky background1.png":{"frame":{"x":80,"y":0,"w":80,"h":80},"rotated":false,"trimmed":false,"spriteSourceSize":{"x":0,"y":0,"w":80,"h":80},"sourceSize":{"w":80,"h":80}},"Sky background2.png":{"frame":{"x":0,"y":80,"w":80,"h":80},"rotated":false,"trimmed":false,"spriteSourceSize":{"x":0,"y":0,"w":80,"h":80},"sourceSize":{"w":80,"h":80}}},"meta":{"app":"https://github.com/piskelapp/piskel/","version":"1.0","image":"Sky background.png","format":"RGBA8888","size":{"w":160,"h":160}}}